Date,Value,Category
2024-01-01,1000.47,C
2024-01-02,1105.44,C
2024-01-03,1021.62,C
2024-01-04,1244.87,A
2024-01-05,1235.53,C
2024-01-06,1224.59,C
2024-01-07,1226.89,A
2024-01-08,1208.85,B
2024-01-09,1326.46,B
2024-01-10,1225.09,B
2024-01-11,1222.11,B
2024-01-12,1193.3,B
2024-01-13,1171.47,A
2024-01-14,1108.85,B
2024-01-15,1094.36,C
2024-01-16,1013.38,C
2024-01-17,973.88,C
2024-01-18,1007.68,B
2024-01-19,947.34,C
2024-01-20,996.66,C
2024-01-21,959.66,B
2024-01-22,966.82,B
2024-01-23,937.48,B
2024-01-24,859.49,A
2024-01-25,939.42,C
2024-01-26,893.2,A
2024-01-27,1032.92,B
2024-01-28,970.79,C
2024-01-29,1064.28,C
2024-01-30,1183.11,C
2024-01-31,1163.64,C
2024-02-01,1167.14,B
2024-02-02,1244.2,B
2024-02-03,1253.77,B
2024-02-04,1281.44,A
2024-02-05,1371.87,C
2024-02-06,1362.11,A
2024-02-07,1371.33,A
2024-02-08,1412.43,B
2024-02-09,1361.23,A
2024-02-10,1426.13,B
2024-02-11,1391.45,C
2024-02-12,1257.77,C
2024-02-13,1300.78,B
2024-02-14,1295.23,C
2024-02-15,1235.72,A
2024-02-16,1300.7,C
2024-02-17,1162.91,B
2024-02-18,1207.5,B
2024-02-19,1055.3,C
2024-02-20,1136.1,B
2024-02-21,1088.57,B
2024-02-22,1065.85,C
2024-02-23,1049.43,B
2024-02-24,999.73,B
2024-02-25,1087.03,A
2024-02-26,1250.9,A
2024-02-27,1124.07,A
2024-02-28,1199.08,A
2024-02-29,1192.58,A
2024-03-01,1262.69,C
2024-03-02,1340.39,A
2024-03-03,1331.7,C
2024-03-04,1409.62,A
2024-03-05,1475.32,C
2024-03-06,1433.0,B
2024-03-07,1504.71,A
2024-03-08,1483.46,A
2024-03-09,1555.56,C
2024-03-10,1474.26,B
2024-03-11,1489.3,C
2024-03-12,1451.99,B
2024-03-13,1576.16,C
2024-03-14,1402.58,B
2024-03-15,1440.52,C
2024-03-16,1332.33,B
2024-03-17,1358.77,A
2024-03-18,1264.42,C
2024-03-19,1225.94,C
2024-03-20,1232.66,C
2024-03-21,1223.51,B
2024-03-22,1342.44,B
2024-03-23,1224.38,B
2024-03-24,1216.11,C
2024-03-25,1256.58,B
2024-03-26,1254.55,A
2024-03-27,1270.36,B
2024-03-28,1351.1,A
2024-03-29,1374.81,B
2024-03-30,1284.7,C
2024-03-31,1385.14,C
2024-04-01,1491.98,A
2024-04-02,1587.42,A
2024-04-03,1613.57,A
2024-04-04,1608.76,A
2024-04-05,1752.71,A
2024-04-06,1668.55,C
2024-04-07,1726.13,B
2024-04-08,1657.14,A
2024-04-09,1670.49,C
2024-04-10,1647.25,B
2024-04-11,1704.82,C
2024-04-12,1600.54,A
2024-04-13,1507.86,C
2024-04-14,1552.94,C
2024-04-15,1514.24,B
2024-04-16,1503.36,B
2024-04-17,1461.68,B
2024-04-18,1461.3,A
2024-04-19,1359.79,A
2024-04-20,1375.38,A
2024-04-21,1267.49,C
2024-04-22,1369.51,B
2024-04-23,1317.73,C
2024-04-24,1440.02,A
2024-04-25,1417.74,B
2024-04-26,1396.06,A
2024-04-27,1466.91,C
2024-04-28,1502.88,B
2024-04-29,1503.8,C
2024-04-30,1580.66,B
2024-05-01,1636.69,B
2024-05-02,1697.76,B
2024-05-03,1704.99,A
2024-05-04,1686.88,C
2024-05-05,1810.7,B
2024-05-06,1816.24,B
2024-05-07,1884.16,C
2024-05-08,1857.28,C
2024-05-09,1854.87,A
2024-05-10,1750.74,A
2024-05-11,1809.17,C
2024-05-12,1716.71,A
2024-05-13,1692.03,A
2024-05-14,1789.55,B
2024-05-15,1712.68,C
2024-05-16,1657.67,C
2024-05-17,1593.71,B
2024-05-18,1531.41,B
2024-05-19,1567.75,B
2024-05-20,1517.6,B
2024-05-21,1508.63,A
2024-05-22,1580.09,B
2024-05-23,1510.73,C
2024-05-24,1539.01,A
2024-05-25,1563.81,A
2024-05-26,1569.87,C
2024-05-27,1590.69,A
2024-05-28,1671.39,C
2024-05-29,1714.28,A
2024-05-30,1812.87,A
2024-05-31,1728.57,B
2024-06-01,1832.95,B
2024-06-02,1859.77,B
2024-06-03,1952.52,C
2024-06-04,1953.08,A
2024-06-05,1987.63,B
2024-06-06,2042.22,C
2024-06-07,1908.46,A
2024-06-08,1993.82,C
2024-06-09,1970.16,C
2024-06-10,1944.49,C
2024-06-11,1889.7,A
2024-06-12,1889.91,B
2024-06-13,1885.12,B
2024-06-14,1898.54,A
2024-06-15,1670.83,A
2024-06-16,1779.97,B
2024-06-17,1683.08,C
2024-06-18,1634.02,B
2024-06-19,1683.25,C
2024-06-20,1657.4,B
2024-06-21,1666.87,C
2024-06-22,1714.7,A
2024-06-23,1727.18,C
2024-06-24,1669.1,C
2024-06-25,1759.7,B
2024-06-26,1784.93,C
2024-06-27,1817.98,A
2024-06-28,1848.77,C
2024-06-29,1880.37,C
2024-06-30,2001.18,A
2024-07-01,2066.77,B
2024-07-02,2041.3,C
2024-07-03,2014.99,C
2024-07-04,2255.44,B
2024-07-05,2146.79,B
2024-07-06,2069.03,A
2024-07-07,2253.49,A
2024-07-08,2093.25,A
2024-07-09,2095.97,A
2024-07-10,2145.5,A
2024-07-11,2069.92,C
2024-07-12,1986.19,C
2024-07-13,2064.65,B
2024-07-14,1920.38,A
2024-07-15,1891.13,B
2024-07-16,1880.34,C
2024-07-17,1842.58,A
2024-07-18,1901.28,C
2024-07-19,1867.02,A
2024-07-20,1862.53,A
2024-07-21,1782.79,C
2024-07-22,1888.93,A
2024-07-23,1730.71,A
2024-07-24,1898.37,C
2024-07-25,1983.22,B
2024-07-26,1871.86,A
2024-07-27,1844.65,A
2024-07-28,1960.47,A
2024-07-29,2007.6,C
2024-07-30,2190.33,A
2024-07-31,2151.32,B
2024-08-01,2080.05,B
2024-08-02,2191.41,C
2024-08-03,2326.33,C
2024-08-04,2257.27,A
2024-08-05,2369.83,A
2024-08-06,2322.7,C
2024-08-07,2362.96,C
2024-08-08,2266.36,A
2024-08-09,2317.96,C
2024-08-10,2236.08,B
2024-08-11,2272.12,A
2024-08-12,2140.02,C
2024-08-13,2072.35,C
2024-08-14,2017.4,A
2024-08-15,2067.77,B
2024-08-16,1995.29,A
2024-08-17,1997.83,A
2024-08-18,2060.09,A
2024-08-19,1981.89,B
2024-08-20,1994.85,C
2024-08-21,1955.17,A
2024-08-22,1980.69,B
2024-08-23,1983.32,C
2024-08-24,1987.14,B
2024-08-25,2070.24,A
2024-08-26,2030.94,C
2024-08-27,2191.45,C
2024-08-28,2235.93,B
2024-08-29,2175.33,C
2024-08-30,2351.78,C
2024-08-31,2308.25,C
2024-09-01,2319.42,A
2024-09-02,2337.65,C
2024-09-03,2462.93,A
2024-09-04,2468.94,A
2024-09-05,2389.07,C
2024-09-06,2429.33,A
2024-09-07,2366.87,C
2024-09-08,2382.26,A
2024-09-09,2397.41,B
2024-09-10,2396.36,B
2024-09-11,2260.73,C
2024-09-12,2287.6,A
2024-09-13,2198.57,B
2024-09-14,2103.09,C
2024-09-15,2096.03,A
2024-09-16,2170.3,A
2024-09-17,2147.96,C
2024-09-18,1998.85,C
2024-09-19,2145.18,B
2024-09-20,2154.91,A
2024-09-21,2158.65,C
2024-09-22,2212.03,A
2024-09-23,2197.45,B
2024-09-24,2202.82,C
2024-09-25,2211.75,A
2024-09-26,2240.06,C
2024-09-27,2347.7,C
2024-09-28,2374.84,B
2024-09-29,2427.29,C
2024-09-30,2466.8,B
2024-10-01,2498.94,C
2024-10-02,2413.69,A
2024-10-03,2534.82,A
2024-10-04,2617.7,B
2024-10-05,2521.63,A
2024-10-06,2555.85,A
2024-10-07,2594.52,C
2024-10-08,2530.59,A
2024-10-09,2489.9,B
2024-10-10,2517.18,B
2024-10-11,2444.06,A
2024-10-12,2407.16,A
2024-10-13,2473.54,A
2024-10-14,2355.54,B
2024-10-15,2263.69,A
2024-10-16,2297.25,C
2024-10-17,2304.09,C
2024-10-18,2240.02,C
2024-10-19,2210.32,A
2024-10-20,2273.91,C
2024-10-21,2249.5,C
2024-10-22,2279.76,B
2024-10-23,2284.76,A
2024-10-24,2323.8,A
2024-10-25,2415.35,B
2024-10-26,2468.86,A
2024-10-27,2507.85,C
2024-10-28,2556.75,C
2024-10-29,2557.64,A
2024-10-30,2739.87,A
2024-10-31,2641.47,C
2024-11-01,2713.82,B
2024-11-02,2661.46,C
2024-11-03,2684.62,C
2024-11-04,2746.16,B
2024-11-05,2704.82,C
2024-11-06,2621.39,A
2024-11-07,2648.52,B
2024-11-08,2630.41,A
2024-11-09,2742.1,B
2024-11-10,2621.72,B
2024-11-11,2559.74,A
2024-11-12,2609.75,B
2024-11-13,2572.36,C
2024-11-14,2443.04,A
2024-11-15,2464.07,C
2024-11-16,2487.58,C
2024-11-17,2438.06,C
2024-11-18,2468.4,C
2024-11-19,2411.47,C
2024-11-20,2563.77,B
2024-11-21,2392.7,B
2024-11-22,2447.56,C
2024-11-23,2489.88,C
2024-11-24,2605.36,A
2024-11-25,2601.96,C
2024-11-26,2594.08,C
2024-11-27,2673.36,B
2024-11-28,2709.89,C
2024-11-29,2784.04,A
2024-11-30,2782.81,A
2024-12-01,2713.69,A
2024-12-02,2939.49,A
2024-12-03,2894.43,C
2024-12-04,2940.71,B
2024-12-05,2812.05,B
2024-12-06,2917.7,C
2024-12-07,2866.71,A
2024-12-08,2860.99,B
2024-12-09,2798.72,B
2024-12-10,2772.3,C
2024-12-11,2683.47,C
2024-12-12,2685.93,C
2024-12-13,2658.61,B
2024-12-14,2578.85,C
2024-12-15,2663.78,A
2024-12-16,2592.98,B
2024-12-17,2536.22,C
2024-12-18,2504.86,A
2024-12-19,2573.52,C
2024-12-20,2598.9,B
2024-12-21,2623.68,C
2024-12-22,2675.59,B
2024-12-23,2633.55,C
2024-12-24,2765.6,C
2024-12-25,2774.34,C
2024-12-26,2772.25,A
2024-12-27,2789.31,A
2024-12-28,2851.66,B
2024-12-29,2911.58,A
2024-12-30,3008.46,A
